{
    "now": "2022-11-29T07:01:38.487Z",
    "perfNow": 3642040.599999994,
    "diagnosticCorrelation": "0ae5ca96-d1da-4295-9cd2-ee9fb4b6f0e6",
    "source": "DownloadSupportFiles",
    "environment": {
        "productName": "a365",
        "buildVersion": "22.1103.16",
        "environmentType": 9,
        "resourceName": "sywsdataabakytucs",
        "resourceRegion": "australiaeast",
        "resourceGroup": "rg-synapse-dev-008",
        "subscriptionId": "4bf8f45d-7bb0-47bf-95e8-5ec615bae371",
        "sessionId": "C+IX7",
        "operationId": "wJMBO",
        "gitType": "VSTS"
    },
    "additionalInfo": {
        "selectedResource": "ExportAdventureWorksLTToParquet",
        "selectedResourceType": "pipeline"
    }
}