{
    "name": "ls_rest_pbi_generic",
    "properties": {
        "description": "Linked service to query Power BI REST APIs",
        "annotations": [],
        "type": "RestService",
        "typeProperties": {
            "url": "https://api.powerbi.com/v1.0/myorg/",
            "enableServerCertificateValidation": true,
            "authenticationType": "ManagedServiceIdentity",
            "aadResourceId": "https://analysis.windows.net/powerbi/api"
        },
        "connectVia": {
            "referenceName": "AutoResolveIntegrationRuntime",
            "type": "IntegrationRuntimeReference"
        }
    }
}