{
    "now": "2021-10-14T03:49:00.891Z",
    "perfNow": 2004536.599999994,
    "diagnosticCorrelation": "e623dac5-9c2f-43fe-9cb3-f3e291169942",
    "source": "DownloadSupportFiles",
    "environment": {
        "productName": "a365",
        "buildVersion": "21.0929.11",
        "environmentType": 9,
        "resourceName": "syn-dw-aue-dev",
        "resourceRegion": "australiaeast",
        "resourceGroup": "rg-dataanalytics-dev-001",
        "subscriptionId": "b28149e7-f6d0-4008-adda-168958c87bc4",
        "sessionId": "zCIef",
        "operationId": "vn2Pe",
        "gitType": "VSTS"
    },
    "additionalInfo": {
        "selectedResource": "pl_extract_pbi_inventory_objects",
        "selectedResourceType": "pipeline"
    }
}