{
    "name": "ExportTableToParquet",
    "properties": {
        "activities": [
            {
                "name": "Copy Table",
                "type": "Copy",
                "dependsOn": [],
                "policy": {
                    "timeout": "7.00:00:00",
                    "retry": 0,
                    "retryIntervalInSeconds": 30,
                    "secureOutput": false,
                    "secureInput": false
                },
                "userProperties": [],
                "typeProperties": {
                    "source": {
                        "type": "AzureSqlSource",
                        "sqlReaderQuery": "SELECT * FROM [SalesLT].[SalesOrderHeader]",
                        "queryTimeout": "02:00:00",
                        "partitionOption": "None"
                    },
                    "sink": {
                        "type": "ParquetSink",
                        "storeSettings": {
                            "type": "AzureBlobFSWriteSettings"
                        },
                        "formatSettings": {
                            "type": "ParquetWriteSettings"
                        }
                    },
                    "enableStaging": false,
                    "translator": {
                        "type": "TabularTranslator",
                        "typeConversion": true,
                        "typeConversionSettings": {
                            "allowDataTruncation": true,
                            "treatBooleanAsNumber": false
                        }
                    }
                },
                "inputs": [
                    {
                        "referenceName": "ds_asql_adventureworks",
                        "type": "DatasetReference"
                    }
                ],
                "outputs": [
                    {
                        "referenceName": "ds_adls_adventureworks_sales",
                        "type": "DatasetReference",
                        "parameters": {
                            "FileName": "Sales.parquet"
                        }
                    }
                ]
            }
        ],
        "annotations": [],
        "lastPublishTime": "2022-06-19T10:55:44Z"
    },
    "type": "Microsoft.Synapse/workspaces/pipelines"
}