{"$schema":"http://schema.management.azure.com/schemas/2015-01-01/deploymentTemplate.json#","contentVersion":"1.0.0.0","parameters":{"workspaceName":{"type":"string","metadata":"Workspace name","defaultValue":"sywsdataabakytucs"},"ls_asql_adventureworkslt":{"type":"string"},"ls_adls_dataanalytics":{"type":"string"}},"variables":{"workspaceId":"[concat('Microsoft.Synapse/workspaces/', parameters('workspaceName'))]"},"resources":[{"name":"[concat(parameters('workspaceName'), '/ExportAdventureWorksLTToParquet')]","type":"Microsoft.Synapse/workspaces/pipelines","apiVersion":"2019-06-01-preview","properties":{"activities":[{"name":"ForEach1","type":"ForEach","dependsOn":[{"activity":"GetTables","dependencyConditions":["Succeeded"]}],"userProperties":[],"typeProperties":{"items":{"value":"@activity('GetTables').output.value","type":"Expression"},"activities":[{"name":"ExportToParquet","type":"Copy","dependsOn":[],"policy":{"timeout":"0.12:00:00","retry":0,"retryIntervalInSeconds":30,"secureOutput":false,"secureInput":false},"userProperties":[],"typeProperties":{"source":{"type":"AzureSqlSource","sqlReaderQuery":{"value":"@concat('select * from ',item().Table_Schema,'.',item().Table_Name)","type":"Expression"},"queryTimeout":"02:00:00","partitionOption":"None"},"sink":{"type":"ParquetSink","storeSettings":{"type":"AzureBlobFSWriteSettings"},"formatSettings":{"type":"ParquetWriteSettings"}},"enableStaging":false,"translator":{"type":"TabularTranslator","typeConversion":true,"typeConversionSettings":{"allowDataTruncation":true,"treatBooleanAsNumber":false}}},"inputs":[{"referenceName":"ds_asql_adventureworks","type":"DatasetReference","parameters":{}}],"outputs":[{"referenceName":"ds_adls_adventureworks_sales","type":"DatasetReference","parameters":{"FileName":{"value":"@concat(item().Table_Schema,'_',item().Table_Name)","type":"Expression"}}}]}]}},{"name":"GetTables","type":"Lookup","dependsOn":[],"policy":{"timeout":"0.12:00:00","retry":0,"retryIntervalInSeconds":30,"secureOutput":false,"secureInput":false},"userProperties":[],"typeProperties":{"source":{"type":"AzureSqlSource","sqlReaderQuery":"select Table_schema, Table_name from information_schema.tables where table_type ='BASE TABLE' and table_schema='SalesLT'","queryTimeout":"02:00:00","partitionOption":"None"},"dataset":{"referenceName":"ds_asql_adventureworks","type":"DatasetReference","parameters":{}},"firstRowOnly":false}}],"policy":{"elapsedTimeMetric":{},"cancelAfter":{}},"annotations":[]},"dependsOn":["[concat(variables('workspaceId'), '/datasets/ds_asql_adventureworks')]","[concat(variables('workspaceId'), '/datasets/ds_adls_adventureworks_sales')]"]},{"name":"[concat(parameters('workspaceName'), '/ds_asql_adventureworks')]","type":"Microsoft.Synapse/workspaces/datasets","apiVersion":"2019-06-01-preview","properties":{"linkedServiceName":{"referenceName":"[parameters('ls_asql_adventureworkslt')]","type":"LinkedServiceReference"},"annotations":[],"type":"AzureSqlTable","schema":[],"typeProperties":{}},"dependsOn":[]},{"name":"[concat(parameters('workspaceName'), '/ds_adls_adventureworks_sales')]","type":"Microsoft.Synapse/workspaces/datasets","apiVersion":"2019-06-01-preview","properties":{"linkedServiceName":{"referenceName":"[parameters('ls_adls_dataanalytics')]","type":"LinkedServiceReference"},"parameters":{"FileName":{"type":"string"}},"annotations":[],"type":"Parquet","typeProperties":{"location":{"type":"AzureBlobFSLocation","fileName":{"value":"@{formatDateTime(utcnow(),'yyyy')}/@{formatDateTime(utcnow(),'yyyyMM')}/@{formatDateTime(utcnow(),'yyyyMMdd')}/@{concat(dataset().FileName,'_',formatDateTime(utcnow(),'yyyyMMdd'),'.parquet')}","type":"Expression"},"folderPath":"raw","fileSystem":"datalake"},"compressionCodec":"snappy"},"schema":[]},"dependsOn":[]}]}