{
    "name": "pl_extract_pbi_inventory_objects",
    "properties": {
        "description": "Extract Power BI Activity Events into Azure Data Lake Security Logs.",
        "activities": [
            {
                "name": "Set Date For File",
                "type": "SetVariable",
                "dependsOn": [],
                "userProperties": [],
                "typeProperties": {
                    "variableName": "Date",
                    "value": {
                        "value": "@convertFromUtc(utcnow(), 'E. Australia Standard Time')",
                        "type": "Expression"
                    }
                }
            },
            {
                "name": "Copy Workspaces Information",
                "type": "Copy",
                "dependsOn": [
                    {
                        "activity": "Set Date For File",
                        "dependencyConditions": [
                            "Succeeded"
                        ]
                    }
                ],
                "policy": {
                    "timeout": "7.00:00:00",
                    "retry": 0,
                    "retryIntervalInSeconds": 30,
                    "secureOutput": false,
                    "secureInput": false
                },
                "userProperties": [],
                "typeProperties": {
                    "source": {
                        "type": "RestSource",
                        "additionalColumns": [
                            {
                                "name": "Date",
                                "value": {
                                    "value": "@variables('Date')",
                                    "type": "Expression"
                                }
                            }
                        ],
                        "httpRequestTimeout": "00:01:40",
                        "requestInterval": "00.00:00:00.010",
                        "requestMethod": "GET"
                    },
                    "sink": {
                        "type": "JsonSink",
                        "storeSettings": {
                            "type": "AzureBlobFSWriteSettings"
                        },
                        "formatSettings": {
                            "type": "JsonWriteSettings"
                        }
                    },
                    "enableStaging": false
                },
                "inputs": [
                    {
                        "referenceName": "ds_rest_pbi_api",
                        "type": "DatasetReference",
                        "parameters": {
                            "AdminAPI": {
                                "value": "admin/groups?$expand=users, reports, dashboards, datasets, dataflows, workbooks&$filter=(state ne 'Deleted')&$top=500",
                                "type": "Expression"
                            }
                        }
                    }
                ],
                "outputs": [
                    {
                        "referenceName": "ds_adls_datalake_json_param",
                        "type": "DatasetReference",
                        "parameters": {
                            "FileName": {
                                "value": "powerbi_workspaces_@{formatDateTime(variables('Date'), 'yyyyMMdd')}.json",
                                "type": "Expression"
                            },
                            "PathName": {
                                "value": "Raw/Power BI/inventory/@{formatDateTime(variables('Date'), 'yyyy')}/@{formatDateTime(variables('Date'), 'MM')}",
                                "type": "Expression"
                            }
                        }
                    }
                ]
            }
        ],
        "variables": {
            "Date": {
                "type": "String"
            }
        },
        "folder": {
            "name": "Manage"
        },
        "annotations": []
    }
}