{
    "now": "2022-06-19T11:57:02.208Z",
    "perfNow": 2749859.900000006,
    "diagnosticCorrelation": "21da7b35-38e2-4384-9bac-d26cd0cedb7a",
    "source": "DownloadSupportFiles",
    "environment": {
        "productName": "a365",
        "buildVersion": "22.0605.02",
        "environmentType": 9,
        "resourceName": "synwsanalyticscourse",
        "resourceRegion": "australiaeast",
        "resourceGroup": "course",
        "subscriptionId": "b28149e7-f6d0-4008-adda-168958c87bc4",
        "sessionId": "kYb0Y",
        "operationId": "mo2RE",
        "gitType": "live"
    },
    "additionalInfo": {
        "selectedResource": "ExportTableToParquet",
        "selectedResourceType": "pipeline"
    }
}