{
    "name": "ds_adls_datalake_json_param",
    "properties": {
        "linkedServiceName": {
            "referenceName": "ls_adls_dataanalytics",
            "type": "LinkedServiceReference"
        },
        "parameters": {
            "FileName": {
                "type": "string"
            },
            "PathName": {
                "type": "string"
            }
        },
        "folder": {
            "name": "0 Dynamic load"
        },
        "annotations": [],
        "type": "Json",
        "typeProperties": {
            "location": {
                "type": "AzureBlobFSLocation",
                "fileName": {
                    "value": "@dataset().FileName",
                    "type": "Expression"
                },
                "folderPath": {
                    "value": "@dataset().PathName",
                    "type": "Expression"
                },
                "fileSystem": "datalake"
            }
        },
        "schema": {}
    }
}