{
    "name": "ds_rest_pbi_api",
    "properties": {
        "linkedServiceName": {
            "referenceName": "ls_rest_pbi_generic",
            "type": "LinkedServiceReference"
        },
        "parameters": {
            "AdminAPI": {
                "type": "string"
            }
        },
        "folder": {
            "name": "Generic"
        },
        "annotations": [],
        "type": "RestResource",
        "typeProperties": {
            "relativeUrl": {
                "value": "@dataset().AdminAPI",
                "type": "Expression"
            }
        },
        "schema": []
    }
}